Column1,Year,AAVG,Category,Order,Concatenated
27,2016,26.0846575342466,temp,11,temp2016
28,2017,25.7238356164384,temp,34,temp2017
29,2018,25.41,temp,48,temp2018
